Serial no.,Carbon monoxide,Carbon dioxide,Dust 2.5,Dust 10.0,Humidity,Temperature,VOC,indoor AQI,outdoor AQI,created_at,updated_at
1,2.728,404.6,149,155.2,46.52,32.5,115,57,120,2023-04-6 19:22:19,2023-04-6 19:22:19
2,2.594,404,142.8,147.8,46.28,32.5,112.2,63,120,2023-04-6 19:27:36,2023-04-6 19:27:36
3,0.702,401.6,133.6,140.4,45.78,32.62,111.6,66,120,2023-04-6 19:32:51,2023-04-6 19:32:51
4,1.196,403,123.8,130.6,45.92,32.62,111.4,66,120,2023-04-6 19:39:49,2023-04-6 19:39:49
5,3.576,406.4,124.8,132.4,46.02,32.6,109.4,63,120,2023-04-6 19:45:09,2023-04-6 19:45:09
6,0.5,747,29,32.4,43.8,29.58,140.8,59,86,2023-05-23 18:43:26,2023-05-23 18:43:26
7,0.5,709.2,34.4,40.4,46.5,32.34,141.4,61,78,2023-05-23 19:11:41,2023-05-23 19:11:41
8,0.5,748.4,40.6,49,47.9,32.52,126.4,61,84,2023-05-23 19:30:32,2023-05-23 19:30:32
9,0.5,748.8,42,51.4,48.18,32.6,124.4,62,84,2023-05-23 19:35:48,2023-05-23 19:35:48
10,0.5,733.2,41.6,50,48.12,32.66,121.2,61,84,2023-05-23 19:41:41,2023-05-23 19:41:41
11,0.5,716,39.8,48.6,48,32.7,119.2,60,84,2023-05-23 19:46:59,2023-05-23 19:46:59
12,0.5,815.4,41.6,49.8,47.9,32.72,114.6,62,84,2023-05-23 19:52:17,2023-05-23 19:52:17
13,0.5,775.8,40.6,49.8,47.8,32.78,112.6,63,84,2023-05-23 19:57:36,2023-05-23 19:57:36
14,0.5,770.6,40.6,49.4,47.9,32.8,110.6,61,84,2023-05-23 20:02:55,2023-05-23 20:02:55
15,0.5,722.2,40.4,50.2,47.72,32.8,108.8,61,91,2023-05-23 20:08:12,2023-05-23 20:08:12
16,0.5,724,41,49.2,47.7,32.86,105.6,61,93,2023-05-23 20:15:32,2023-05-23 20:15:32
17,0.5,719.6,40.8,49.8,47.78,32.98,104.2,62,94,2023-05-23 20:20:51,2023-05-23 20:20:51
18,0.5,639.4,40.2,48.6,47.88,33,105.2,63,94,2023-05-23 20:26:09,2023-05-23 20:26:09
19,0.5,765.2,39.6,47.4,47.88,33,104.2,60,94,2023-05-23 20:31:26,2023-05-23 20:31:26
20,0.5,800.4,40.6,51.2,47.98,33,106,60,94,2023-05-23 20:37:07,2023-05-23 20:37:07
21,0.5,807.4,40.2,50,48,33,108.6,60,94,2023-05-23 20:42:23,2023-05-23 20:42:23
22,0.5,753.2,41.2,50,47.88,33.14,102.2,61,94,2023-05-23 21:02:47,2023-05-23 21:02:47
23,0.5,735,41.6,49.6,48.16,33.02,101.8,65,92,2023-05-23 21:08:09,2023-05-23 21:08:09
24,0.5,666,38.6,48,48.2,33.06,102.4,61,94,2023-05-23 21:19:55,2023-05-23 21:19:55
25,0.5,713.6,40.6,48.6,47.98,33.08,101.8,61,94,2023-05-23 21:25:12,2023-05-23 21:25:12
26,0.5,669.4,44.2,53.6,47.82,33.08,99.8,62,94,2023-05-23 21:30:27,2023-05-23 21:30:27
27,0.5,711.6,53.4,66.8,47.74,33.1,99.6,64,94,2023-05-23 21:35:48,2023-05-23 21:35:48
28,0.5,644.6,69.2,78.6,47.64,33.1,97.2,59,94,2023-05-23 21:41:11,2023-05-23 21:41:11
29,0.5,626.6,90.2,99.6,47.58,33.1,96.4,66,94,2023-05-23 21:46:25,2023-05-23 21:46:25
30,0.5,543.2,97.2,108.4,47.8,33.12,97.6,68,94,2023-05-23 21:51:39,2023-05-23 21:51:39
31,0.5,702.6,108.6,118.8,48.68,33.2,102.2,67,94,2023-05-23 21:56:55,2023-05-23 21:56:55
32,0.5,1027.6,112.2,122.6,49.06,33.2,105.8,63,104,2023-05-23 22:08:35,2023-05-23 22:08:35
33,0.5,746.4,113.8,123.6,48.96,33.26,107.8,62,104,2023-05-23 22:13:50,2023-05-23 22:13:50
34,0.5,646.4,110.8,119,48.66,33.3,101.2,67,107,2023-05-23 22:19:09,2023-05-23 22:19:09
35,0.5,818.8,104.6,110.4,48.82,33.3,99.6,65,107,2023-05-23 22:24:31,2023-05-23 22:24:31
36,0.5,814.8,100.8,109.2,48.86,33.3,98.6,63,107,2023-05-23 22:29:52,2023-05-23 22:29:52
37,0.5,730.8,98.4,106.6,49.14,33.3,98,61,107,2023-05-23 22:35:13,2023-05-23 22:35:13
38,0.5,436.2,30.4,32.8,50.1,30.68,81.6,69,82,2023-05-24 12:50:21,2023-05-24 12:50:21
39,0.5,400,31.2,33.8,49.92,30.78,74.2,71,82,2023-05-24 12:55:38,2023-05-24 12:55:38
40,0.5,699,63.6,73.4,51.4,31.8,92.2,61,88,2023-05-24 15:18:11,2023-05-24 15:18:11
41,0.4,742.4,58,70.6,51.34,31.8,87.2,43,88,2023-05-24 15:23:53,2023-05-24 15:23:53
42,0.5,579.6,52,64.6,50.96,32.16,85,76,88,2023-05-24 15:43:43,2023-05-24 15:43:43
43,0.5,594.8,49.4,62,51.86,31.88,85.2,73,88,2023-05-24 15:49:38,2023-05-24 15:49:38
44,0.5,600,50.4,61.6,52.06,31.8,84,62,88,2023-05-24 15:54:57,2023-05-24 15:54:57
45,0.4,630,46.8,59.8,52.32,31.92,95.4,60,88,2023-05-24 16:00:32,2023-05-24 16:00:32
46,0.5,662,67.8,75.8,51.44,31.38,96,61,91,2023-05-24 16:12:15,2023-05-24 16:12:15
47,0.5,646.6,54.8,68,43.12,28.56,74.2,73,96,2023-05-24 16:30:29,2023-05-24 16:30:29
48,0.5,671,52.6,66,40.74,27.88,72.6,72,96,2023-05-24 16:43:03,2023-05-24 16:43:03
49,0.5,687.6,50.8,63.2,40.18,27.66,72,69,96,2023-05-24 16:48:29,2023-05-24 16:48:29
50,0.5,702,50.6,62.8,40.16,27.44,72.8,69,96,2023-05-24 16:53:59,2023-05-24 16:53:59
51,0.5,735.4,48,59.8,39.96,26.96,74,59,120,2023-05-24 17:08:29,2023-05-24 17:08:29
52,0.5,746.4,46.6,57.8,40.7,26.88,74.4,71,120,2023-05-24 17:14:05,2023-05-24 17:14:05
53,0.5,760.6,46,56.4,41.04,26.86,75,71,96,2023-05-24 17:19:28,2023-05-24 17:19:28
54,0.5,763.2,44.8,55.2,40.92,28.02,76.4,73,96,2023-05-24 17:24:47,2023-05-24 17:24:47
55,0.5,762.6,45.4,55.8,40.84,29.12,78,66,96,2023-05-24 17:30:08,2023-05-24 17:30:08
56,0.5,790,46,57,41.26,29.44,79,67,96,2023-05-24 17:36:32,2023-05-24 17:36:32
57,0.5,820.4,41.8,51.6,42.9,30.1,84,63,96,2023-05-24 17:42:19,2023-05-24 17:42:19
58,0.5,827.6,42.8,52,44.04,30.32,84,68,96,2023-05-24 17:47:47,2023-05-24 17:47:47
59,0.5,851.4,43.6,52.4,44.64,30.48,83.8,68,96,2023-05-24 17:53:05,2023-05-24 17:53:05
60,0.5,868.8,41.4,52.4,45.02,30.56,83,69,96,2023-05-24 17:59:13,2023-05-24 17:59:13
61,0.5,884,42,51.2,45.22,30.64,83,69,96,2023-05-24 18:02:07,2023-05-24 18:02:07
62,0.5,901,41.2,51,45.68,30.72,82.2,69,92,2023-05-24 18:07:31,2023-05-24 18:07:31
63,0.5,924,41,49,46.5,30.8,83,69,95,2023-05-24 18:17:39,2023-05-24 18:17:39
64,0.5,875.4,43.2,53.2,48.64,28.92,77.8,66,95,2023-05-24 18:37:37,2023-05-24 18:37:37
65,0.5,876.4,46.4,57.4,49.26,29.04,80,71,95,2023-05-24 18:42:58,2023-05-24 18:42:58
66,0.5,824.6,46.6,58,51.1,30.22,85.6,69,95,2023-05-24 18:48:20,2023-05-24 18:48:20
67,0.5,747.8,46,56.8,51.18,30.8,84.6,69,95,2023-05-24 18:53:35,2023-05-24 18:53:35
68,0.5,725.2,45.2,57,51.52,31.02,84,69,95,2023-05-24 18:58:56,2023-05-24 18:58:56
69,0.5,725,44,57,51.6,31,84,69,95,2023-05-24 19:04:10,2023-05-24 19:04:10
70,0.5,718.2,43.2,52.8,51.7,31.46,79.4,68,105,2023-05-24 19:14:58,2023-05-24 19:14:58
71,0.5,723,44,56,51.7,31.5,78,68,111,2023-05-24 19:20:19,2023-05-24 19:20:19
72,0.5,723,44,56,51.7,31.5,78,68,111,2023-05-24 19:25:40,2023-05-24 19:25:40
73,0.5,730.6,43,53.8,51.86,31.54,78,68,111,2023-05-24 19:31:00,2023-05-24 19:31:00
74,0.5,759.2,37.8,46,52.6,31.7,77.2,69,111,2023-05-24 19:36:22,2023-05-24 19:36:22
75,0.5,760.8,37.6,44.6,52.48,31.76,75.2,69,111,2023-05-24 19:41:44,2023-05-24 19:41:44
76,0.5,750.8,37.6,44.4,52.58,31.8,74.2,69,111,2023-05-24 19:47:06,2023-05-24 19:47:06
77,0.5,753.6,40.6,50,53.1,31.8,74.4,69,111,2023-05-24 19:52:28,2023-05-24 19:52:28
78,0.5,596.4,50.6,62,56.12,31.68,66.2,71,108,2023-05-24 20:08:55,2023-05-24 20:08:55
79,0.5,574,49.4,62.4,56.66,31.7,65.6,75,108,2023-05-24 20:14:10,2023-05-24 20:14:10
80,0.5,555.6,49.6,61.6,56.96,31.78,69.4,75,116,2023-05-24 20:19:27,2023-05-24 20:19:27
81,0.5,550,50.6,63.8,57.74,31.78,68.8,75,116,2023-05-24 20:24:44,2023-05-24 20:24:44
82,0.5,550,52.4,64.2,57.86,31.8,68,75,116,2023-05-24 20:30:06,2023-05-24 20:30:06
83,0.5,585.2,58,69.8,58.42,31.8,69,74,116,2023-05-24 20:35:22,2023-05-24 20:35:22
84,0.5,550,53,66.6,58.22,31.84,69.2,76,116,2023-05-24 20:46:17,2023-05-24 20:46:17
85,0.5,550,51.2,63.2,57.74,31.9,69.4,75,116,2023-05-24 20:51:41,2023-05-24 20:51:41
86,0.5,550,49,62,57.16,31.9,68,75,116,2023-05-24 20:57:02,2023-05-24 20:57:02
87,0.5,550,48.4,60,56.9,31.9,67.6,75,116,2023-05-24 21:00:15,2023-05-24 21:00:15
88,0.5,550,3416.6,1479.2,56.5,31.9,66.2,73,104,2023-05-24 21:05:37,2023-05-24 21:05:37
89,0.5,550.4,45,54.4,56.08,31.98,66.6,75,98,2023-05-24 21:10:59,2023-05-24 21:10:59
90,0.5,559.8,43.6,53,56.02,31.98,65.4,75,104,2023-05-24 21:16:17,2023-05-24 21:16:17
91,0.5,554,42.8,51.4,55.8,32,65.2,75,104,2023-05-24 21:21:33,2023-05-24 21:21:33
92,0.5,561,41.6,49.2,56.02,32,65,75,104,2023-05-24 21:32:27,2023-05-24 21:32:27
93,0.5,553.2,41,49,56,32,64.4,75,104,2023-05-24 21:37:42,2023-05-24 21:37:42
94,0.5,559.2,39,47.4,55.96,32,65.2,75,104,2023-05-24 21:42:57,2023-05-24 21:42:57
95,0.5,561.2,39,47.6,55.94,32,64.4,75,104,2023-05-24 21:48:12,2023-05-24 21:48:12
96,0.5,552.6,38.2,45.4,56.08,32,63.6,74,104,2023-05-24 21:53:34,2023-05-24 21:53:34
97,0.5,556,38,44.6,56.6,31.9,62.8,74,104,2023-05-24 22:04:25,2023-05-24 22:04:25
98,0.5,553.4,39,47.2,56.7,31.94,62,75,94,2023-05-24 22:15:13,2023-05-24 22:15:13
99,0.5,588.4,48.8,58.8,52.74,29.94,122,65,69,2023-05-25 14:21:42,2023-05-25 14:21:42
100,0.5,606.4,44.8,53.4,52.62,29.9,112.2,59,69,2023-05-25 14:27:04,2023-05-25 14:27:04
101,0.5,614.2,34.6,37.6,52.48,29.9,106.2,59,69,2023-05-25 14:32:20,2023-05-25 14:32:20
102,0.5,613,39.8,45.4,52.24,29.9,101.4,59,69,2023-05-25 14:37:37,2023-05-25 14:37:37
103,0.5,620.6,46.2,55.8,52.12,29.9,96,59,69,2023-05-25 14:42:54,2023-05-25 14:42:54
104,0.5,621.6,49.8,59.6,52.02,29.9,92.8,59,69,2023-05-25 14:48:10,2023-05-25 14:48:10
105,0.5,623.6,48.6,58.4,52,29.9,88.4,56,69,2023-05-25 14:53:26,2023-05-25 14:53:26
106,0.5,624.6,46.8,56.2,51.88,29.9,86.8,57,69,2023-05-25 14:58:45,2023-05-25 14:58:45
107,0.5,621.2,48.4,57.6,51.6,29.9,84.8,67,69,2023-05-25 15:04:01,2023-05-25 15:04:01
108,0.5,619.8,46.8,56,51.46,29.9,82.2,67,61,2023-05-25 15:09:18,2023-05-25 15:09:18
109,0.5,618.8,49.8,59,51.4,29.9,80.6,67,61,2023-05-25 15:14:35,2023-05-25 15:14:35
110,0.5,615.8,49,58.6,51.46,29.9,79.4,67,63,2023-05-25 15:19:51,2023-05-25 15:19:51
111,0.5,627.8,60.4,70,51.4,29.9,78.2,67,63,2023-05-25 15:25:08,2023-05-25 15:25:08
112,0.5,620,80.4,84.8,51.4,29.9,77.4,68,63,2023-05-25 15:30:25,2023-05-25 15:30:25
113,0.5,620.2,93.2,96,51.28,29.94,75.8,68,63,2023-05-25 15:35:42,2023-05-25 15:35:42
114,0.5,623.4,98.6,100.2,51.62,29.9,74.4,68,63,2023-05-25 15:40:58,2023-05-25 15:40:58
115,1.4,494.1,92.8,84.4,163.78,29.32,72.8,70,63,2023-05-25 15:46:14,2023-05-25 15:46:14
116,0.5,582.8,66,70.6,49.08,28.3,66.8,81,63,2023-05-25 15:51:31,2023-05-25 15:51:31
117,0.5,560.4,103.6,104,47.8,27.78,63.4,81,63,2023-05-25 15:56:48,2023-05-25 15:56:48
118,0.5,552,98,98.6,46.66,27.46,61,79,63,2023-05-25 16:02:04,2023-05-25 16:02:04
119,0.5,647,38.2,43.6,45.34,26.06,56,60,63,2023-05-25 16:45:48,2023-05-25 16:45:48
120,0.5,666.2,42,47.6,45.56,26.1,56.8,62,63,2023-05-25 16:58:19,2023-05-25 16:58:19
121,0.5,673.2,42.2,46.4,45.86,26.04,56,61,63,2023-05-25 17:03:39,2023-05-25 17:03:39
122,0.5,670.4,34.8,39.6,45.86,25.9,54.6,70,118,2023-05-25 17:14:28,2023-05-25 17:14:28
123,0.5,677.4,40,45.2,45.86,26,55,61,63,2023-05-25 17:19:49,2023-05-25 17:19:49
124,0.5,722.4,38.8,43.6,45.94,26.28,55.6,66,63,2023-05-25 17:36:19,2023-05-25 17:36:19
125,0.5,724.2,37.2,40.8,45.16,27.36,57.8,71,63,2023-05-25 17:41:34,2023-05-25 17:41:34
126,0.5,690.8,44.2,51,45.76,28.24,58.8,72,63,2023-05-25 17:52:28,2023-05-25 17:52:28
127,0.5,684.8,50.6,61.2,46.48,28.44,59.2,73,63,2023-05-25 17:57:50,2023-05-25 17:57:50
128,0.5,688.8,48,57,46.92,28.58,60,73,63,2023-05-25 18:03:06,2023-05-25 18:03:06
129,0.5,693,47.2,55.6,47.32,28.7,60.4,73,61,2023-05-25 18:08:26,2023-05-25 18:08:26
130,0.5,697.2,47,55.4,47.74,28.86,60.4,74,61,2023-05-25 18:13:48,2023-05-25 18:13:48
131,0.5,704.6,46.8,56.8,48.24,28.96,60.8,67,61,2023-05-25 18:19:03,2023-05-25 18:19:03
132,0.5,701,39.8,45.8,48.64,29.02,61.8,62,61,2023-05-25 18:24:17,2023-05-25 18:24:17
133,0.5,694.4,46.4,55.2,48.98,29.12,62.8,62,61,2023-05-25 18:29:32,2023-05-25 18:29:32
134,0.5,731.2,40,46.2,50.72,29.48,63,67,61,2023-05-25 18:56:26,2023-05-25 18:56:26
135,0.5,711.8,46.6,55.8,51.24,29.5,62.8,67,61,2023-05-25 19:01:47,2023-05-25 19:01:47
136,0.5,699.6,46.6,54.8,52,29.64,62.6,67,65,2023-05-25 19:07:08,2023-05-25 19:07:08
137,0.5,686.2,52.6,65,52.22,29.7,61.6,67,65,2023-05-25 19:12:30,2023-05-25 19:12:30
138,0.5,662.4,66.4,76.4,52.22,29.7,61.2,67,65,2023-05-25 19:17:52,2023-05-25 19:17:52
139,0.5,641.4,76,82.8,52.16,29.7,60.6,67,65,2023-05-25 19:23:10,2023-05-25 19:23:10
140,0.5,609.8,50.8,60,52.12,29.7,59.2,66,65,2023-05-25 19:28:33,2023-05-25 19:28:33
141,0.5,625.8,59,67.4,52.1,29.7,59,66,65,2023-05-25 19:33:54,2023-05-25 19:33:54
142,0.5,616.6,56.2,69,51.8,29.74,58.8,66,65,2023-05-25 19:39:16,2023-05-25 19:39:16
143,0.5,627.4,52.2,62.8,51.8,29.9,59.2,66,65,2023-05-25 19:44:37,2023-05-25 19:44:37
144,0.5,628.8,55.6,67.4,51.64,29.9,58.8,66,65,2023-05-25 19:49:51,2023-05-25 19:49:51
145,0.5,633.6,61.2,71.8,51.52,29.96,58.6,66,65,2023-05-25 19:55:12,2023-05-25 19:55:12
146,0.5,615.8,99.8,102.2,51,29.92,57.4,67,72,2023-05-25 20:06:08,2023-05-25 20:06:08
147,0.5,621.2,79.6,86.2,50.9,30,57.6,67,71,2023-05-25 20:11:23,2023-05-25 20:11:23
148,0.5,610,89,90.4,50.64,30,58,67,70,2023-05-25 20:16:45,2023-05-25 20:16:45
149,0.5,590.2,84.8,87.6,50.52,29.98,58.2,75,70,2023-05-25 20:22:07,2023-05-25 20:22:07
150,0.5,558.4,84.4,88.6,50.28,29.98,59,74,70,2023-05-25 20:40:46,2023-05-25 20:40:46
151,4.4,458.4,93.8,184.6,46.2,45.56,59.4,74,70,2023-05-25 20:42:15,2023-05-25 20:42:15
152,0.5,563.6,71.2,80.6,50.48,30,60.8,74,70,2023-05-25 20:53:09,2023-05-25 20:53:09
153,0.5,558.6,82.6,89.4,50.5,30,60.2,74,70,2023-05-25 20:58:27,2023-05-25 20:58:27
154,0.5,554.4,60.6,72.6,50.62,29.98,59.6,73,70,2023-05-25 21:03:48,2023-05-25 21:03:48
155,0.5,554.8,65.2,75.2,50.74,29.98,59.6,73,68,2023-05-25 21:09:12,2023-05-25 21:09:12
156,0.5,585.2,54.2,66.4,50.9,30.04,60.8,74,68,2023-05-25 21:14:35,2023-05-25 21:14:35
157,0.5,610.2,54.4,66.4,51.08,30.1,62.2,64,66,2023-05-25 21:19:50,2023-05-25 21:19:50
158,0.5,632.6,54.8,67.4,51.3,30.1,61.2,66,66,2023-05-25 21:25:12,2023-05-25 21:25:12
159,0.5,643.4,57.2,70.4,51.52,30.14,61.6,67,66,2023-05-25 21:30:33,2023-05-25 21:30:33
160,0.5,635.4,74.6,85.2,51.66,30.14,62,67,66,2023-05-25 21:35:54,2023-05-25 21:35:54
161,0.5,657,59.6,73.6,52,30.1,81.8,68,66,2023-05-25 21:46:51,2023-05-25 21:46:51
162,0.5,633.4,64.2,76.8,51.98,30.1,78.8,68,66,2023-05-25 21:52:13,2023-05-25 21:52:13
163,0.5,623,62.8,75.8,52.02,30.1,74,67,66,2023-05-25 21:57:27,2023-05-25 21:57:27
164,0.5,608.4,70,81.4,51.98,30.1,70.6,67,66,2023-05-25 22:02:41,2023-05-25 22:02:41
165,0.5,594,69.8,80.4,51.98,30.08,68.2,75,74,2023-05-25 22:08:03,2023-05-25 22:08:03
166,0.5,581.4,80.6,88.6,51.96,30.1,65.6,75,74,2023-05-25 22:13:25,2023-05-25 22:13:25
167,0.5,583.8,77.6,90,52.28,30.1,65.4,75,74,2023-05-25 22:18:41,2023-05-25 22:18:41
168,0.5,578.6,121.4,128.4,52.28,30.1,64.8,76,74,2023-05-25 22:24:03,2023-05-25 22:24:03
169,0.5,593.2,109,112,52.44,30.12,64.4,74,74,2023-05-25 22:37:09,2023-05-25 22:37:09
170,0.5,603.8,90.2,95.6,52.44,30.18,64,71,74,2023-05-25 22:42:31,2023-05-25 22:42:31
171,0.5,589.2,93.2,99.4,52.32,30.18,64.8,72,74,2023-05-25 22:47:51,2023-05-25 22:47:51
172,0.5,550.8,107,111,52.1,30.14,65.8,75,74,2023-05-25 22:53:15,2023-05-25 22:53:15
173,0.5,550,111,113.4,52.04,30.12,66.4,75,74,2023-05-25 22:58:38,2023-05-25 22:58:38
174,0.5,550,106.8,123.6,52.14,134.14,59.22,63,74,2023-05-25 23:03:59,2023-05-25 23:03:59
175,0.5,550,106.2,113.2,51.9,30.14,65.2,75,82,2023-05-25 23:09:21,2023-05-25 23:09:21
176,4.8,450.4,104.2,247.5,66.86,134.18,56.04,63,82,2023-05-25 23:14:36,2023-05-25 23:14:36
177,0.5,550,112.2,115.2,51.92,30.26,61.8,75,82,2023-05-25 23:19:51,2023-05-25 23:19:51
178,2.9,251.12,82,497.7,88.94,342.06,42.48,36,82,2023-05-25 23:25:06,2023-05-25 23:25:06
179,0.5,550.8,114.6,118.8,51.6,30.2,61.4,75,82,2023-05-25 23:30:20,2023-05-25 23:30:20
180,0.5,550,128,136.2,51.16,30.24,62,76,82,2023-05-25 23:35:41,2023-05-25 23:35:41
181,7.4,450.2,112,257.3,69.52,134.16,55.64,63,82,2023-05-25 23:40:56,2023-05-25 23:40:56
182,0.5,550,120.2,123.8,50.7,30.14,62,75,82,2023-05-25 23:46:12,2023-05-25 23:46:12
183,0.5,562,74.6,81.8,43.88,31.64,112,67,94,2023-05-26 11:56:14,2023-05-26 11:56:14
184,0.5,576.8,95.8,99,43.62,31.7,107.6,68,94,2023-05-26 12:01:35,2023-05-26 12:01:35
185,0.5,572.4,97.4,102,43.68,31.7,104.6,68,106,2023-05-26 12:06:50,2023-05-26 12:06:50
186,0.5,550,86,93.6,43.32,31.74,99.4,67,106,2023-05-26 12:12:13,2023-05-26 12:12:13
187,0.4,464,78.4,176.8,41.22,44.64,211.7,62,107,2023-05-26 12:17:44,2023-05-26 12:17:44
188,0.5,550,68.8,77.4,43.26,31.82,91.4,67,107,2023-05-26 12:28:31,2023-05-26 12:28:31
189,0.5,551.4,70,77.4,43.32,31.9,90.6,67,107,2023-05-26 12:33:52,2023-05-26 12:33:52
190,0.5,557.2,64.8,74.8,43.22,31.84,88.8,63,107,2023-05-26 12:39:14,2023-05-26 12:39:14
191,0.5,551.4,58.4,70.6,43.24,31.8,85,74,107,2023-05-26 12:55:47,2023-05-26 12:55:47
192,0.5,568.8,60,71.6,43.14,31.9,85,75,107,2023-05-26 13:01:09,2023-05-26 13:01:09
193,0.5,601.6,63.6,74.4,43.22,31.9,85.4,72,111,2023-05-26 13:06:23,2023-05-26 13:06:23
194,0.5,609,64.4,74.6,43.26,31.9,85.8,67,111,2023-05-26 13:11:38,2023-05-26 13:11:38
195,0.5,616.2,55.8,69,43.14,31.9,85.2,67,107,2023-05-26 13:16:59,2023-05-26 13:16:59
196,0.5,591.8,53.4,66.6,43.14,31.9,84.8,70,107,2023-05-26 13:22:20,2023-05-26 13:22:20
197,0.5,594.6,54.2,65.8,42.46,31.9,82,71,107,2023-05-26 13:29:57,2023-05-26 13:29:57
198,0.5,550,55.4,68,41.8,31.92,79.4,74,107,2023-05-26 13:35:11,2023-05-26 13:35:11
199,0.5,556.2,52.4,64.8,42.44,31.88,80.4,74,107,2023-05-26 13:40:32,2023-05-26 13:40:32
200,0.5,603.2,49,58.8,42.98,31.8,81.2,69,107,2023-05-26 13:51:19,2023-05-26 13:51:19
201,0.5,557.8,48.2,59.4,43.46,31.72,74.6,74,107,2023-05-26 13:56:41,2023-05-26 13:56:41
202,0.5,599,45.8,56.2,44,31.68,79.4,68,91,2023-05-26 14:18:42,2023-05-26 14:18:42
203,0.5,594.4,48.4,59,43.86,31.76,80,75,91,2023-05-26 14:24:00,2023-05-26 14:24:00
204,0.5,594.8,49.6,60.8,43.96,31.82,80,75,91,2023-05-26 14:29:19,2023-05-26 14:29:19
205,0.5,616.4,48.6,58.8,44.18,31.94,80.6,68,91,2023-05-26 14:34:36,2023-05-26 14:34:36
206,0.5,643.6,50,59,44.34,32,81.2,67,91,2023-05-26 14:39:53,2023-05-26 14:39:53
207,0.5,686.8,53.2,65.8,44.86,32,81.8,68,91,2023-05-26 14:45:09,2023-05-26 14:45:09
208,0.5,698,52.6,64.2,44.8,32,80.6,68,91,2023-05-26 14:50:26,2023-05-26 14:50:26
209,0.5,682,53,65,44.52,32,79.4,68,91,2023-05-26 14:55:44,2023-05-26 14:55:44
210,0.5,671.6,57,71,44.46,31.98,78.2,68,91,2023-05-26 15:02:13,2023-05-26 15:02:13
211,0.5,643,53.6,65.8,44.12,31.98,76,67,78,2023-05-26 15:09:05,2023-05-26 15:09:05
212,0.5,637,52,63.2,44.06,31.94,74.6,67,82,2023-05-26 15:14:21,2023-05-26 15:14:21
213,0.5,588.4,48.6,59.2,44.2,31.76,68,72,82,2023-05-26 15:23:11,2023-05-26 15:23:11
214,0.5,574.2,49.2,58.4,44.24,31.64,65.6,73,82,2023-05-26 15:28:34,2023-05-26 15:28:34
215,0.5,590.8,46.8,57,44.08,31.6,65,72,82,2023-05-26 15:33:53,2023-05-26 15:33:53
216,0.5,585.8,44.2,53,43.76,31.6,64.2,73,82,2023-05-26 15:39:36,2023-05-26 15:39:36
217,0.5,571.2,43.6,51.8,43.52,31.6,63.6,73,82,2023-05-26 15:44:51,2023-05-26 15:44:51
218,0.5,552.8,45.2,55,43.6,31.6,62.8,73,82,2023-05-26 15:50:12,2023-05-26 15:50:12
219,0.5,551.6,41.2,47.2,43.88,31.6,62,72,82,2023-05-26 15:55:34,2023-05-26 15:55:34
220,0.5,551.2,46.6,56.2,44.16,31.62,62.8,73,82,2023-05-26 16:00:50,2023-05-26 16:00:50
221,0.5,551.6,46,56.4,44.36,31.6,63,73,92,2023-05-26 16:06:12,2023-05-26 16:06:12
222,0.5,550,46,56.2,44.54,31.62,63,73,92,2023-05-26 16:11:29,2023-05-26 16:11:29
223,0.5,550.6,41,49.6,44.76,31.62,63,73,92,2023-05-26 16:16:52,2023-05-26 16:16:52
224,0.5,554.4,49.8,62.2,44.94,31.68,63.2,73,92,2023-05-26 16:22:06,2023-05-26 16:22:06
225,0.5,550,48.8,60,45.04,31.7,63.4,73,92,2023-05-26 16:27:45,2023-05-26 16:27:45
226,0.5,551,43,52.8,45.12,31.7,64.6,73,92,2023-05-26 16:33:07,2023-05-26 16:33:07
227,0.5,555.8,45.6,54.6,45.3,31.7,63.6,73,92,2023-05-26 16:44:01,2023-05-26 16:44:01
228,0.5,554,45.8,54.4,44.8,31.68,62,73,90,2023-05-26 17:14:00,2023-05-26 17:14:00
229,0.5,566,50.8,61.8,44.76,31.68,62.2,73,92,2023-05-26 17:19:22,2023-05-26 17:19:22
230,0.5,572.2,47.8,58.8,45.08,31.66,63.2,74,92,2023-05-26 17:24:43,2023-05-26 17:24:43
231,0.5,550,44.4,52.8,44.74,31.76,68.2,73,92,2023-05-26 17:29:57,2023-05-26 17:29:57
232,0.5,550,41.8,50,44.64,31.86,69.6,73,92,2023-05-26 17:35:18,2023-05-26 17:35:18
233,0.5,550,46.2,55.6,45.12,31.84,68.6,73,92,2023-05-26 17:40:33,2023-05-26 17:40:33
234,0.5,560.6,46.8,57,45.88,31.64,65,73,92,2023-05-26 17:45:54,2023-05-26 17:45:54
235,0.5,567,46.8,57,46.08,31.62,65,74,92,2023-05-26 17:51:15,2023-05-26 17:51:15
236,0.5,569.8,48.4,60,46.2,31.68,65.2,74,92,2023-05-26 17:56:42,2023-05-26 17:56:42
237,0.5,596.8,49.4,59.8,46.2,31.9,72.4,69,103,2023-05-26 18:08:29,2023-05-26 18:08:29
238,0.5,597.6,50.2,60.2,46.22,31.9,72.4,70,103,2023-05-26 18:08:49,2023-05-26 18:08:49
239,0.5,625.6,48.6,61.2,46.44,31.9,73,67,99,2023-05-26 18:14:10,2023-05-26 18:14:10
240,0.5,642.8,48.8,60.2,46.64,31.92,72.8,67,103,2023-05-26 18:19:32,2023-05-26 18:19:32
241,0.5,650.4,50,60.2,46.76,32,73,67,103,2023-05-26 18:24:54,2023-05-26 18:24:54
242,0.5,653,52.6,64,46.8,32,72.6,67,103,2023-05-26 18:30:16,2023-05-26 18:30:16
243,0.5,641.2,52.2,64,46.72,32,73,67,103,2023-05-26 18:41:10,2023-05-26 18:41:10
244,0.5,620,47.2,58,47.04,31.9,69.6,68,103,2023-05-26 18:46:26,2023-05-26 18:46:26
245,0.5,601,47.4,57.4,47.48,31.7,67,68,103,2023-05-26 18:51:47,2023-05-26 18:51:47
246,0.5,610.6,49,59,47.48,31.74,69.6,67,103,2023-05-26 18:57:01,2023-05-26 18:57:01
247,0.5,604.6,52.2,64.6,47.18,31.8,73.2,67,103,2023-05-26 19:02:22,2023-05-26 19:02:22
248,0.5,608.2,45,55,46.5,31.98,75.4,65,95,2023-05-26 19:18:55,2023-05-26 19:18:55
249,0.5,580.4,41.8,49,46.66,31.82,72.2,71,95,2023-05-26 19:24:12,2023-05-26 19:24:12
250,0.5,568,49,58.8,46.24,31.8,77.4,75,95,2023-05-26 19:40:38,2023-05-26 19:40:38
251,0.5,571,51.8,63.2,46.34,31.8,78.4,75,95,2023-05-26 19:43:31,2023-05-26 19:43:31
252,0.5,579,48.8,60.2,46.42,31.8,79.6,75,95,2023-05-26 19:48:48,2023-05-26 19:48:48
253,0.5,597.2,53.2,64,46.38,31.9,80,72,95,2023-05-26 19:54:11,2023-05-26 19:54:11
254,0.5,663.6,62.4,74.6,46.72,32,81,68,95,2023-05-26 20:05:03,2023-05-26 20:05:03
255,0.5,686.6,54.8,67.8,46.98,32,82.2,68,103,2023-05-26 20:10:26,2023-05-26 20:10:26
256,0.5,719.8,63,73,47.3,32,84,69,103,2023-05-26 20:21:17,2023-05-26 20:21:17
257,0.5,713.8,66.2,74.2,47.62,31.96,84.4,69,103,2023-05-26 20:37:43,2023-05-26 20:37:43
258,0.5,710,95.2,99.2,48.2,31.8,82.8,69,103,2023-05-26 20:43:06,2023-05-26 20:43:06
259,0.5,733,86,95,47.72,32.02,85,70,103,2023-05-26 21:02:14,2023-05-26 21:02:14
260,0.5,729,66,77,47.68,32.1,85,69,123,2023-05-26 21:07:36,2023-05-26 21:07:36
261,0.5,733.2,54.8,68,47.62,32.14,85.4,69,123,2023-05-26 21:12:52,2023-05-26 21:12:52
262,0.5,716.6,64,74.6,47.48,32.12,89.2,61,122,2023-05-26 21:18:15,2023-05-26 21:18:15
263,0.5,561.4,98,99.8,47.28,31.62,79.4,76,83,2023-05-27 11:56:03,2023-05-27 11:56:03
264,0.5,560.2,96.6,96.6,46.96,31.7,75.6,75,83,2023-05-27 12:01:24,2023-05-27 12:01:24
265,150.5,571.8,96.4,97,46.78,31.68,73.8,76,77,2023-05-27 12:06:46,2023-05-27 12:06:46
266,0.5,565.8,98.8,99.6,46.26,31.68,71.2,75,77,2023-05-27 12:12:00,2023-05-27 12:12:00
267,0.5,597.2,95.8,96.4,45.78,31.7,68.2,70,65,2023-05-27 12:22:55,2023-05-27 12:22:55
268,0.5,600.2,97.8,99.4,45.56,31.7,67,70,65,2023-05-27 12:28:10,2023-05-27 12:28:10
269,0.5,612.6,99.8,100.8,45.46,31.7,66.4,66,65,2023-05-27 12:33:33,2023-05-27 12:33:33
270,4.8,524.6,81.5,80.14,49.08,161.46,73.6,66,65,2023-05-27 12:37:12,2023-05-27 12:37:12
271,0.5,600.4,90,92,45.42,31.68,64,72,65,2023-05-27 12:42:36,2023-05-27 12:42:36
272,0.5,587.2,91.8,93.2,45.36,31.66,63.4,72,65,2023-05-27 12:47:59,2023-05-27 12:47:59
273,0.5,588.8,97.4,98.2,45.3,31.72,61.8,72,65,2023-05-27 12:53:26,2023-05-27 12:53:26
274,0.5,617.4,101.6,102,45.62,31.7,63.4,67,65,2023-05-27 12:58:52,2023-05-27 12:58:52
275,0.5,609.6,97.6,98.4,45.54,31.6,62,67,65,2023-05-27 13:04:15,2023-05-27 13:04:15
276,0.5,590.8,97.4,98.4,45.3,31.62,60.6,75,57,2023-05-27 13:09:37,2023-05-27 13:09:37
277,0.5,573,100,102,44.78,31.64,57.6,75,57,2023-05-27 13:22:40,2023-05-27 13:22:40
278,0.5,582.2,92.2,231.1,56.32,136.06,52.3,62,57,2023-05-27 13:33:34,2023-05-27 13:33:34
279,0.5,590.2,97.8,98.4,44.7,31.6,56,72,57,2023-05-27 13:38:57,2023-05-27 13:38:57
280,0.5,558.2,102.8,104.4,45.1,31.5,51.2,74,57,2023-05-27 13:44:26,2023-05-27 13:44:26
281,0.5,564.6,101.8,102.4,45.16,31.42,51.2,74,57,2023-05-27 13:49:48,2023-05-27 13:49:48
282,0.5,580.6,102.4,102.8,45.22,31.4,52.4,74,57,2023-05-27 13:55:09,2023-05-27 13:55:09
283,0.5,604.6,102,103,45.12,31.66,59.2,67,55,2023-05-27 14:11:38,2023-05-27 14:11:38
284,0.5,624.6,102.2,103,45.88,31.6,56.2,67,55,2023-05-27 14:16:52,2023-05-27 14:16:52
285,0.5,661.4,48.2,57,46.4,31.5,57,66,55,2023-05-27 14:22:13,2023-05-27 14:22:13
286,0.5,678.4,50.4,59.2,46.44,31.48,59.6,67,55,2023-05-27 14:27:34,2023-05-27 14:27:34
287,4,698,100,103.6,46.26,31.68,62.8,68,55,2023-05-27 14:32:50,2023-05-27 14:32:50
288,0.5,708.6,124,130.6,46.2,31.7,63,69,55,2023-05-27 14:38:07,2023-05-27 14:38:07
289,0.5,729.8,147,151.8,46.28,31.78,64.2,66,55,2023-05-27 14:43:27,2023-05-27 14:43:27
290,9.6,602.84,132.8,263.1,66.82,173.66,58.16,55,55,2023-05-27 14:48:47,2023-05-27 14:48:47
291,4.4,594.4,116.6,248.5,61.64,170.28,57.56,58,55,2023-05-27 14:54:06,2023-05-27 14:54:06
292,4.4,589.2,113.6,244.1,61.68,170.26,56.76,58,55,2023-05-27 14:57:12,2023-05-27 14:57:12
293,4.6,606.4,100.76,122.2,175.06,34.68,193.6,68,55,2023-05-27 15:02:30,2023-05-27 15:02:30
294,6.6,462.2,105,232.1,73.86,173.24,56.96,58,54,2023-05-27 15:07:49,2023-05-27 15:07:49
295,0.5,770.2,99.6,101.2,46.94,31.82,64.4,69,56,2023-05-27 15:18:45,2023-05-27 15:18:45
296,5.2,469.94,227.9,226.28,200.08,183.74,69.18,58,56,2023-05-27 15:24:02,2023-05-27 15:24:02
297,25.9,197.36,334.78,90.36,460.1,50.92,225.2,46,56,2023-05-27 15:29:22,2023-05-27 15:29:22
298,19.4,659.4,102,103.6,47.5,31.8,65.8,70,56,2023-05-27 15:40:16,2023-05-27 15:40:16
299,2.2,623.64,94.4,222.7,47.2,178.44,67,69,56,2023-05-27 15:51:05,2023-05-27 15:51:05
300,0.5,762.4,102.2,103.8,47.16,31.8,67.4,69,56,2023-05-27 15:56:25,2023-05-27 15:56:25
301,4.4,627.2,101,236.8,44.14,31.8,69.8,70,58,2023-05-27 16:07:21,2023-05-27 16:07:21
302,0.5,746.2,109.8,110.4,46.98,31.8,73.8,70,58,2023-05-27 16:12:43,2023-05-27 16:12:43
303,0.5,746.2,110.8,111.8,46.9,31.88,74,70,62,2023-05-27 16:17:57,2023-05-27 16:17:57
304,2.4,610,102.4,228.1,59.54,174.5,66.36,58,62,2023-05-27 16:28:53,2023-05-27 16:28:53
305,0.5,745.8,62.8,71.6,46.82,31.88,75.8,68,62,2023-05-27 16:34:08,2023-05-27 16:34:08
306,0.5,742.6,53.8,64.8,46.76,31.84,76.4,69,62,2023-05-27 16:39:29,2023-05-27 16:39:29
307,0.5,724,74.2,73.8,46.46,31.88,84,69,61,2023-05-27 17:10:03,2023-05-27 17:10:03
308,0.5,721.6,87.8,89.8,46.3,31.9,86.4,63,62,2023-05-27 17:15:59,2023-05-27 17:15:59
309,1.86,553.8,96.6,213.2,44.12,31.5,85.6,69,62,2023-05-27 17:26:54,2023-05-27 17:26:54
310,34.7,450.8,72.4,100.6,236.64,295.1,94.6,63,62,2023-05-27 17:32:15,2023-05-27 17:32:15
311,19.5,440.9,191,75.6,186.28,159.2,93.4,61,62,2023-05-27 17:37:37,2023-05-27 17:37:37
312,1.5,434.4,308.8,79.64,313.5,171.5,97.4,42,62,2023-05-27 17:42:54,2023-05-27 17:42:54
